Workbook

Sheet Arbre
A1: Cascade des exigences : chaque exigence d'origine (bleu) ou décision (vert) avec les exigences dérivées qui en découlent
A2: Prio : M = MVP, S = V1 après MVP, V2 = hors V1. Vérif. : T = test automatique, M = test manuel sur téléphones, R = relecture. Les lignes dérivées se replient avec les boutons 1/2 en haut à gauche. Source des textes : onglet Exigences.
A4: Niveau | B4: ID | C4: Exigence | D4: Bloc | E4: Prio | F4: Vérif. | G4: Toutes les origines | H4: Nb dérivées
A5: Origine | B5: EX-A1 | C5: =INDEX(Exigences!$D:$D,MATCH(B5,Exigences!$A:$A,0)) | D5: =INDEX(Exigences!$C:$C,MATCH(B5,Exigences!$A:$A,0)) | H5: =INDEX(Exigences!$H:$H,MATCH(B5,Exigences!$A:$A,0))
A6: Dérivée | B6: D-A1-01 | C6: =INDEX(Exigences!$D:$D,MATCH(B6,Exigences!$A:$A,0)) | D6: =INDEX(Exigences!$C:$C,MATCH(B6,Exigences!$A:$A,0)) | E6: =INDEX(Exigences!$F:$F,MATCH(B6,Exigences!$A:$A,0)) | F6: =INDEX(Exigences!$G:$G,MATCH(B6,Exigences!$A:$A,0)) | G6: =INDEX(Exigences!$E:$E,MATCH(B6,Exigences!$A:$A,0))
A7: Dérivée | B7: D-A1-02 | C7: =INDEX(Exigences!$D:$D,MATCH(B7,Exigences!$A:$A,0)) | D7: =INDEX(Exigences!$C:$C,MATCH(B7,Exigences!$A:$A,0)) | E7: =INDEX(Exigences!$F:$F,MATCH(B7,Exigences!$A:$A,0)) | F7: =INDEX(Exigences!$G:$G,MATCH(B7,Exigences!$A:$A,0)) | G7: =INDEX(Exigences!$E:$E,MATCH(B7,Exigences!$A:$A,0))
A8: Dérivée | B8: D-A1-03 | C8: =INDEX(Exigences!$D:$D,MATCH(B8,Exigences!$A:$A,0)) | D8: =INDEX(Exigences!$C:$C,MATCH(B8,Exigences!$A:$A,0)) | E8: =INDEX(Exigences!$F:$F,MATCH(B8,Exigences!$A:$A,0)) | F8: =INDEX(Exigences!$G:$G,MATCH(B8,Exigences!$A:$A,0)) | G8: =INDEX(Exigences!$E:$E,MATCH(B8,Exigences!$A:$A,0))
A9: Dérivée | B9: D-A1-04 | C9: =INDEX(Exigences!$D:$D,MATCH(B9,Exigences!$A:$A,0)) | D9: =INDEX(Exigences!$C:$C,MATCH(B9,Exigences!$A:$A,0)) | E9: =INDEX(Exigences!$F:$F,MATCH(B9,Exigences!$A:$A,0)) | F9: =INDEX(Exigences!$G:$G,MATCH(B9,Exigences!$A:$A,0)) | G9: =INDEX(Exigences!$E:$E,MATCH(B9,Exigences!$A:$A,0))
A10: Dérivée | B10: D-A1-05 | C10: =INDEX(Exigences!$D:$D,MATCH(B10,Exigences!$A:$A,0)) | D10: =INDEX(Exigences!$C:$C,MATCH(B10,Exigences!$A:$A,0)) | E10: =INDEX(Exigences!$F:$F,MATCH(B10,Exigences!$A:$A,0)) | F10: =INDEX(Exigences!$G:$G,MATCH(B10,Exigences!$A:$A,0)) | G10: =INDEX(Exigences!$E:$E,MATCH(B10,Exigences!$A:$A,0))
A11: Dérivée | B11: D-A1-06 | C11: =INDEX(Exigences!$D:$D,MATCH(B11,Exigences!$A:$A,0)) | D11: =INDEX(Exigences!$C:$C,MATCH(B11,Exigences!$A:$A,0)) | E11: =INDEX(Exigences!$F:$F,MATCH(B11,Exigences!$A:$A,0)) | F11: =INDEX(Exigences!$G:$G,MATCH(B11,Exigences!$A:$A,0)) | G11: =INDEX(Exigences!$E:$E,MATCH(B11,Exigences!$A:$A,0))
A12: Dérivée | B12: D-A1-07 | C12: =INDEX(Exigences!$D:$D,MATCH(B12,Exigences!$A:$A,0)) | D12: =INDEX(Exigences!$C:$C,MATCH(B12,Exigences!$A:$A,0)) | E12: =INDEX(Exigences!$F:$F,MATCH(B12,Exigences!$A:$A,0)) | F12: =INDEX(Exigences!$G:$G,MATCH(B12,Exigences!$A:$A,0)) | G12: =INDEX(Exigences!$E:$E,MATCH(B12,Exigences!$A:$A,0))
A13: Dérivée | B13: D-A1-08 | C13: =INDEX(Exigences!$D:$D,MATCH(B13,Exigences!$A:$A,0)) | D13: =INDEX(Exigences!$C:$C,MATCH(B13,Exigences!$A:$A,0)) | E13: =INDEX(Exigences!$F:$F,MATCH(B13,Exigences!$A:$A,0)) | F13: =INDEX(Exigences!$G:$G,MATCH(B13,Exigences!$A:$A,0)) | G13: =INDEX(Exigences!$E:$E,MATCH(B13,Exigences!$A:$A,0))
A14: Dérivée | B14: D-A1-10 | C14: =INDEX(Exigences!$D:$D,MATCH(B14,Exigences!$A:$A,0)) | D14: =INDEX(Exigences!$C:$C,MATCH(B14,Exigences!$A:$A,0)) | E14: =INDEX(Exigences!$F:$F,MATCH(B14,Exigences!$A:$A,0)) | F14: =INDEX(Exigences!$G:$G,MATCH(B14,Exigences!$A:$A,0)) | G14: =INDEX(Exigences!$E:$E,MATCH(B14,Exigences!$A:$A,0))
A15: Dérivée | B15: D-A2-02 | C15: =INDEX(Exigences!$D:$D,MATCH(B15,Exigences!$A:$A,0)) | D15: =INDEX(Exigences!$C:$C,MATCH(B15,Exigences!$A:$A,0)) | E15: =INDEX(Exigences!$F:$F,MATCH(B15,Exigences!$A:$A,0)) | F15: =INDEX(Exigences!$G:$G,MATCH(B15,Exigences!$A:$A,0)) | G15: =INDEX(Exigences!$E:$E,MATCH(B15,Exigences!$A:$A,0))
A16: Dérivée | B16: D-A2-08 | C16: =INDEX(Exigences!$D:$D,MATCH(B16,Exigences!$A:$A,0)) | D16: =INDEX(Exigences!$C:$C,MATCH(B16,Exigences!$A:$A,0)) | E16: =INDEX(Exigences!$F:$F,MATCH(B16,Exigences!$A:$A,0)) | F16: =INDEX(Exigences!$G:$G,MATCH(B16,Exigences!$A:$A,0)) | G16: =INDEX(Exigences!$E:$E,MATCH(B16,Exigences!$A:$A,0))
A17: Dérivée | B17: D-A3-04 | C17: =INDEX(Exigences!$D:$D,MATCH(B17,Exigences!$A:$A,0)) | D17: =INDEX(Exigences!$C:$C,MATCH(B17,Exigences!$A:$A,0)) | E17: =INDEX(Exigences!$F:$F,MATCH(B17,Exigences!$A:$A,0)) | F17: =INDEX(Exigences!$G:$G,MATCH(B17,Exigences!$A:$A,0)) | G17: =INDEX(Exigences!$E:$E,MATCH(B17,Exigences!$A:$A,0))
... A19: Dérivée | B19: D-T-04 | C19: =INDEX(Exigences!$D:$D,MATCH(B19,Exigences!$A:$A,0)) | D19: =INDEX(Exigences!$C:$C,MATCH(B19,Exigences!$A:$A,0)) | E19: =INDEX(Exigences!$F:$F,MATCH(B19,Exigences!$A:$A,0)) | F19: =INDEX(Exigences!$G:$G,MATCH(B19,Exigences!$A:$A,0)) | G19: =INDEX(Exigences!$E:$E,MATCH(B19,Exigences!$A:$A,0))
A20: Origine | B20: EX-A2 | C20: =INDEX(Exigences!$D:$D,MATCH(B20,Exigences!$A:$A,0)) | D20: =INDEX(Exigences!$C:$C,MATCH(B20,Exigences!$A:$A,0)) | H20: =INDEX(Exigences!$H:$H,MATCH(B20,Exigences!$A:$A,0))
A21: Dérivée | B21: D-A2-01 | C21: =INDEX(Exigences!$D:$D,MATCH(B21,Exigences!$A:$A,0)) | D21: =INDEX(Exigences!$C:$C,MATCH(B21,Exigences!$A:$A,0)) | E21: =INDEX(Exigences!$F:$F,MATCH(B21,Exigences!$A:$A,0)) | F21: =INDEX(Exigences!$G:$G,MATCH(B21,Exigences!$A:$A,0)) | G21: =INDEX(Exigences!$E:$E,MATCH(B21,Exigences!$A:$A,0))
A22: Dérivée | B22: D-A3-03 | C22: =INDEX(Exigences!$D:$D,MATCH(B22,Exigences!$A:$A,0)) | D22: =INDEX(Exigences!$C:$C,MATCH(B22,Exigences!$A:$A,0)) | E22: =INDEX(Exigences!$F:$F,MATCH(B22,Exigences!$A:$A,0)) | F22: =INDEX(Exigences!$G:$G,MATCH(B22,Exigences!$A:$A,0)) | G22: =INDEX(Exigences!$E:$E,MATCH(B22,Exigences!$A:$A,0))
A23: Dérivée | B23: D-A3-04 | C23: =INDEX(Exigences!$D:$D,MATCH(B23,Exigences!$A:$A,0)) | D23: =INDEX(Exigences!$C:$C,MATCH(B23,Exigences!$A:$A,0)) | E23: =INDEX(Exigences!$F:$F,MATCH(B23,Exigences!$A:$A,0)) | F23: =INDEX(Exigences!$G:$G,MATCH(B23,Exigences!$A:$A,0)) | G23: =INDEX(Exigences!$E:$E,MATCH(B23,Exigences!$A:$A,0))
A24: Dérivée | B24: D-A3-11 | C24: =INDEX(Exigences!$D:$D,MATCH(B24,Exigences!$A:$A,0)) | D24: =INDEX(Exigences!$C:$C,MATCH(B24,Exigences!$A:$A,0)) | E24: =INDEX(Exigences!$F:$F,MATCH(B24,Exigences!$A:$A,0)) | F24: =INDEX(Exigences!$G:$G,MATCH(B24,Exigences!$A:$A,0)) | G24: =INDEX(Exigences!$E:$E,MATCH(B24,Exigences!$A:$A,0))
A25: Origine | B25: EX-A3 | C25: =INDEX(Exigences!$D:$D,MATCH(B25,Exigences!$A:$A,0)) | D25: =INDEX(Exigences!$C:$C,MATCH(B25,Exigences!$A:$A,0)) | H25: =INDEX(Exigences!$H:$H,MATCH(B25,Exigences!$A:$A,0))
A26: Dérivée | B26: D-A1-08 | C26: =INDEX(Exigences!$D:$D,MATCH(B26,Exigences!$A:$A,0)) | D26: =INDEX(Exigences!$C:$C,MATCH(B26,Exigences!$A:$A,0)) | E26: =INDEX(Exigences!$F:$F,MATCH(B26,Exigences!$A:$A,0)) | F26: =INDEX(Exigences!$G:$G,MATCH(B26,Exigences!$A:$A,0)) | G26: =INDEX(Exigences!$E:$E,MATCH(B26,Exigences!$A:$A,0))
A27: Dérivée | B27: D-A3-01 | C27: =INDEX(Exigences!$D:$D,MATCH(B27,Exigences!$A:$A,0)) | D27: =INDEX(Exigences!$C:$C,MATCH(B27,Exigences!$A:$A,0)) | E27: =INDEX(Exigences!$F:$F,MATCH(B27,Exigences!$A:$A,0)) | F27: =INDEX(Exigences!$G:$G,MATCH(B27,Exigences!$A:$A,0)) | G27: =INDEX(Exigences!$E:$E,MATCH(B27,Exigences!$A:$A,0))
A28: Dérivée | B28: D-A3-02 | C28: =INDEX(Exigences!$D:$D,MATCH(B28,Exigences!$A:$A,0)) | D28: =INDEX(Exigences!$C:$C,MATCH(B28,Exigences!$A:$A,0)) | E28: =INDEX(Exigences!$F:$F,MATCH(B28,Exigences!$A:$A,0)) | F28: =INDEX(Exigences!$G:$G,MATCH(B28,Exigences!$A:$A,0)) | G28: =INDEX(Exigences!$E:$E,MATCH(B28,Exigences!$A:$A,0))
A29: Dérivée | B29: D-A3-03 | C29: =INDEX(Exigences!$D:$D,MATCH(B29,Exigences!$A:$A,0)) | D29: =INDEX(Exigences!$C:$C,MATCH(B29,Exigences!$A:$A,0)) | E29: =INDEX(Exigences!$F:$F,MATCH(B29,Exigences!$A:$A,0)) | F29: =INDEX(Exigences!$G:$G,MATCH(B29,Exigences!$A:$A,0)) | G29: =INDEX(Exigences!$E:$E,MATCH(B29,Exigences!$A:$A,0))
A30: Dérivée | B30: D-A3-06 | C30: =INDEX(Exigences!$D:$D,MATCH(B30,Exigences!$A:$A,0)) | D30: =INDEX(Exigences!$C:$C,MATCH(B30,Exigences!$A:$A,0)) | E30: =INDEX(Exigences!$F:$F,MATCH(B30,Exigences!$A:$A,0)) | F30: =INDEX(Exigences!$G:$G,MATCH(B30,Exigences!$A:$A,0)) | G30: =INDEX(Exigences!$E:$E,MATCH(B30,Exigences!$A:$A,0))
A31: Dérivée | B31: D-A3-09 | C31: =INDEX(Exigences!$D:$D,MATCH(B31,Exigences!$A:$A,0)) | D31: =INDEX(Exigences!$C:$C,MATCH(B31,Exigences!$A:$A,0)) | E31: =INDEX(Exigences!$F:$F,MATCH(B31,Exigences!$A:$A,0)) | F31: =INDEX(Exigences!$G:$G,MATCH(B31,Exigences!$A:$A,0)) | G31: =INDEX(Exigences!$E:$E,MATCH(B31,Exigences!$A:$A,0))
A32: Dérivée | B32: D-A3-10 | C32: =INDEX(Exigences!$D:$D,MATCH(B32,Exigences!$A:$A,0)) | D32: =INDEX(Exigences!$C:$C,MATCH(B32,Exigences!$A:$A,0)) | E32: =INDEX(Exigences!$F:$F,MATCH(B32,Exigences!$A:$A,0)) | F32: =INDEX(Exigences!$G:$G,MATCH(B32,Exigences!$A:$A,0)) | G32: =INDEX(Exigences!$E:$E,MATCH(B32,Exigences!$A:$A,0))
A33: Dérivée | B33: D-A3-11 | C33: =INDEX(Exigences!$D:$D,MATCH(B33,Exigences!$A:$A,0)) | D33: =INDEX(Exigences!$C:$C,MATCH(B33,Exigences!$A:$A,0)) | E33: =INDEX(Exigences!$F:$F,MATCH(B33,Exigences!$A:$A,0)) | F33: =INDEX(Exigences!$G:$G,MATCH(B33,Exigences!$A:$A,0)) | G33: =INDEX(Exigences!$E:$E,MATCH(B33,Exigences!$A:$A,0))
A34: Dérivée | B34: D-A3-14 | C34: =INDEX(Exigences!$D:$D,MATCH(B34,Exigences!$A:$A,0)) | D34: =INDEX(Exigences!$C:$C,MATCH(B34,Exigences!$A:$A,0)) | E34: =INDEX(Exigences!$F:$F,MATCH(B34,Exigences!$A:$A,0)) | F34: =INDEX(Exigences!$G:$G,MATCH(B34,Exigences!$A:$A,0)) | G34: =INDEX(Exigences!$E:$E,MATCH(B34,Exigences!$A:$A,0))
A35: Dérivée | B35: D-T-03 | C35: =INDEX(Exigences!$D:$D,MATCH(B35,Exigences!$A:$A,0)) | D35: =INDEX(Exigences!$C:$C,MATCH(B35,Exigences!$A:$A,0)) | E35: =INDEX(Exigences!$F:$F,MATCH(B35,Exigences!$A:$A,0)) | F35: =INDEX(Exigences!$G:$G,MATCH(B35,Exigences!$A:$A,0)) | G35: =INDEX(Exigences!$E:$E,MATCH(B35,Exigences!$A:$A,0))
A36: Dérivée | B36: D-V2-02 | C36: =INDEX(Exigences!$D:$D,MATCH(B36,Exigences!$A:$A,0)) | D36: =INDEX(Exigences!$C:$C,MATCH(B36,Exigences!$A:$A,0)) | E36: =INDEX(Exigences!$F:$F,MATCH(B36,Exigences!$A:$A,0)) | F36: =INDEX(Exigences!$G:$G,MATCH(B36,Exigences!$A:$A,0)) | G36: =INDEX(Exigences!$E:$E,MATCH(B36,Exigences!$A:$A,0))
A37: Origine | B37: EX-B1 | C37: =INDEX(Exigences!$D:$D,MATCH(B37,Exigences!$A:$A,0)) | D37: =INDEX(Exigences!$C:$C,MATCH(B37,Exigences!$A:$A,0)) | H37: =INDEX(Exigences!$H:$H,MATCH(B37,Exigences!$A:$A,0))
A38: Dérivée | B38: D-A1-09 | C38: =INDEX(Exigences!$D:$D,MATCH(B38,Exigences!$A:$A,0)) | D38: =INDEX(Exigences!$C:$C,MATCH(B38,Exigences!$A:$A,0)) | E38: =INDEX(Exigences!$F:$F,MATCH(B38,Exigences!$A:$A,0)) | F38: =INDEX(Exigences!$G:$G,MATCH(B38,Exigences!$A:$A,0)) | G38: =INDEX(Exigences!$E:$E,MATCH(B38,Exigences!$A:$A,0))
A39: Dérivée | B39: D-B-01 | C39: =INDEX(Exigences!$D:$D,MATCH(B39,Exigences!$A:$A,0)) | D39: =INDEX(Exigences!$C:$C,MATCH(B39,Exigences!$A:$A,0)) | E39: =INDEX(Exigences!$F:$F,MATCH(B39,Exigences!$A:$A,0)) | F39: =INDEX(Exigences!$G:$G,MATCH(B39,Exigences!$A:$A,0)) | G39: =INDEX(Exigences!$E:$E,MATCH(B39,Exigences!$A:$A,0))
A40: Dérivée | B40: D-B-02 | C40: =INDEX(Exigences!$D:$D,MATCH(B40,Exigences!$A:$A,0)) | D40: =INDEX(Exigences!$C:$C,MATCH(B40,Exigences!$A:$A,0)) | E40: =INDEX(Exigences!$F:$F,MATCH(B40,Exigences!$A:$A,0)) | F40: =INDEX(Exigences!$G:$G,MATCH(B40,Exigences!$A:$A,0)) | G40: =INDEX(Exigences!$E:$E,MATCH(B40,Exigences!$A:$A,0))
A41: Origine | B41: EX-C1 | C41: =INDEX(Exigences!$D:$D,MATCH(B41,Exigences!$A:$A,0)) | D41: =INDEX(Exigences!$C:$C,MATCH(B41,Exigences!$A:$A,0)) | H41: =INDEX(Exigences!$H:$H,MATCH(B41,Exigences!$A:$A,0))
A42: Dérivée | B42: D-C-01 | C42: =INDEX(Exigences!$D:$D,MATCH(B42,Exigences!$A:$A,0)) | D42: =INDEX(Exigences!$C:$C,MATCH(B42,Exigences!$A:$A,0)) | E42: =INDEX(Exigences!$F:$F,MATCH(B42,Exigences!$A:$A,0)) | F42: =INDEX(Exigences!$G:$G,MATCH(B42,Exigences!$A:$A,0)) | G42: =INDEX(Exigences!$E:$E,MATCH(B42,Exigences!$A:$A,0))
A43: Dérivée | B43: D-C-03 | C43: =INDEX(Exigences!$D:$D,MATCH(B43,Exigences!$A:$A,0)) | D43: =INDEX(Exigences!$C:$C,MATCH(B43,Exigences!$A:$A,0)) | E43: =INDEX(Exigences!$F:$F,MATCH(B43,Exigences!$A:$A,0)) | F43: =INDEX(Exigences!$G:$G,MATCH(B43,Exigences!$A:$A,0)) | G43: =INDEX(Exigences!$E:$E,MATCH(B43,Exigences!$A:$A,0))
A44: Origine | B44: EX-C2 | C44: =INDEX(Exigences!$D:$D,MATCH(B44,Exigences!$A:$A,0)) | D44: =INDEX(Exigences!$C:$C,MATCH(B44,Exigences!$A:$A,0)) | H44: =INDEX(Exigences!$H:$H,MATCH(B44,Exigences!$A:$A,0))
A45: Dérivée | B45: D-A2-03 | C45: =INDEX(Exigences!$D:$D,MATCH(B45,Exigences!$A:$A,0)) | D45: =INDEX(Exigences!$C:$C,MATCH(B45,Exigences!$A:$A,0)) | E45: =INDEX(Exigences!$F:$F,MATCH(B45,Exigences!$A:$A,0)) | F45: =INDEX(Exigences!$G:$G,MATCH(B45,Exigences!$A:$A,0)) | G45: =INDEX(Exigences!$E:$E,MATCH(B45,Exigences!$A:$A,0))
A46: Dérivée | B46: D-C-02 | C46: =INDEX(Exigences!$D:$D,MATCH(B46,Exigences!$A:$A,0)) | D46: =INDEX(Exigences!$C:$C,MATCH(B46,Exigences!$A:$A,0)) | E46: =INDEX(Exigences!$F:$F,MATCH(B46,Exigences!$A:$A,0)) | F46: =INDEX(Exigences!$G:$G,MATCH(B46,Exigences!$A:$A,0)) | G46: =INDEX(Exigences!$E:$E,MATCH(B46,Exigences!$A:$A,0))
A47: Origine | B47: EX-C3 | C47: =INDEX(Exigences!$D:$D,MATCH(B47,Exigences!$A:$A,0)) | D47: =INDEX(Exigences!$C:$C,MATCH(B47,Exigences!$A:$A,0)) | H47: =INDEX(Exigences!$H:$H,MATCH(B47,Exigences!$A:$A,0))
A48: Dérivée | B48: D-C-04 | C48: =INDEX(Exigences!$D:$D,MATCH(B48,Exigences!$A:$A,0)) | D48: =INDEX(Exigences!$C:$C,MATCH(B48,Exigences!$A:$A,0)) | E48: =INDEX(Exigences!$F:$F,MATCH(B48,Exigences!$A:$A,0)) | F48: =INDEX(Exigences!$G:$G,MATCH(B48,Exigences!$A:$A,0)) | G48: =INDEX(Exigences!$E:$E,MATCH(B48,Exigences!$A:$A,0))
A49: Dérivée | B49: D-C-05 | C49: =INDEX(Exigences!$D:$D,MATCH(B49,Exigences!$A:$A,0)) | D49: =INDEX(Exigences!$C:$C,MATCH(B49,Exigences!$A:$A,0)) | E49: =INDEX(Exigences!$F:$F,MATCH(B49,Exigences!$A:$A,0)) | F49: =INDEX(Exigences!$G:$G,MATCH(B49,Exigences!$A:$A,0)) | G49: =INDEX(Exigences!$E:$E,MATCH(B49,Exigences!$A:$A,0))
A50: Dérivée | B50: D-C-06 | C50: =INDEX(Exigences!$D:$D,MATCH(B50,Exigences!$A:$A,0)) | D50: =INDEX(Exigences!$C:$C,MATCH(B50,Exigences!$A:$A,0)) | E50: =INDEX(Exigences!$F:$F,MATCH(B50,Exigences!$A:$A,0)) | F50: =INDEX(Exigences!$G:$G,MATCH(B50,Exigences!$A:$A,0)) | G50: =INDEX(Exigences!$E:$E,MATCH(B50,Exigences!$A:$A,0))
A51: Dérivée | B51: D-C-07 | C51: =INDEX(Exigences!$D:$D,MATCH(B51,Exigences!$A:$A,0)) | D51: =INDEX(Exigences!$C:$C,MATCH(B51,Exigences!$A:$A,0)) | E51: =INDEX(Exigences!$F:$F,MATCH(B51,Exigences!$A:$A,0)) | F51: =INDEX(Exigences!$G:$G,MATCH(B51,Exigences!$A:$A,0)) | G51: =INDEX(Exigences!$E:$E,MATCH(B51,Exigences!$A:$A,0))
A52: Origine | B52: EX-D1 | C52: =INDEX(Exigences!$D:$D,MATCH(B52,Exigences!$A:$A,0)) | D52: =INDEX(Exigences!$C:$C,MATCH(B52,Exigences!$A:$A,0)) | H52: =INDEX(Exigences!$H:$H,MATCH(B52,Exigences!$A:$A,0))
A53: Dérivée | B53: D-D-01 | C53: =INDEX(Exigences!$D:$D,MATCH(B53,Exigences!$A:$A,0)) | D53: =INDEX(Exigences!$C:$C,MATCH(B53,Exigences!$A:$A,0)) | E53: =INDEX(Exigences!$F:$F,MATCH(B53,Exigences!$A:$A,0)) | F53: =INDEX(Exigences!$G:$G,MATCH(B53,Exigences!$A:$A,0)) | G53: =INDEX(Exigences!$E:$E,MATCH(B53,Exigences!$A:$A,0))
A54: Dérivée | B54: D-D-08 | C54: =INDEX(Exigences!$D:$D,MATCH(B54,Exigences!$A:$A,0)) | D54: =INDEX(Exigences!$C:$C,MATCH(B54,Exigences!$A:$A,0)) | E54: =INDEX(Exigences!$F:$F,MATCH(B54,Exigences!$A:$A,0)) | F54: =INDEX(Exigences!$G:$G,MATCH(B54,Exigences!$A:$A,0)) | G54: =INDEX(Exigences!$E:$E,MATCH(B54,Exigences!$A:$A,0))
A55: Origine | B55: EX-D2 | C55: =INDEX(Exigences!$D:$D,MATCH(B55,Exigences!$A:$A,0)) | D55: =INDEX(Exigences!$C:$C,MATCH(B55,Exigences!$A:$A,0)) | H55: =INDEX(Exigences!$H:$H,MATCH(B55,Exigences!$A:$A,0))
A56: Dérivée | B56: D-A1-04 | C56: =INDEX(Exigences!$D:$D,MATCH(B56,Exigences!$A:$A,0)) | D56: =INDEX(Exigences!$C:$C,MATCH(B56,Exigences!$A:$A,0)) | E56: =INDEX(Exigences!$F:$F,MATCH(B56,Exigences!$A:$A,0)) | F56: =INDEX(Exigences!$G:$G,MATCH(B56,Exigences!$A:$A,0)) | G56: =INDEX(Exigences!$E:$E,MATCH(B56,Exigences!$A:$A,0))
A57: Dérivée | B57: D-D-02 | C57: =INDEX(Exigences!$D:$D,MATCH(B57,Exigences!$A:$A,0)) | D57: =INDEX(Exigences!$C:$C,MATCH(B57,Exigences!$A:$A,0)) | E57: =INDEX(Exigences!$F:$F,MATCH(B57,Exigences!$A:$A,0)) | F57: =INDEX(Exigences!$G:$G,MATCH(B57,Exigences!$A:$A,0)) | G57: =INDEX(Exigences!$E:$E,MATCH(B57,Exigences!$A:$A,0))
A58: Dérivée | B58: D-D-03 | C58: =INDEX(Exigences!$D:$D,MATCH(B58,Exigences!$A:$A,0)) | D58: =INDEX(Exigences!$C:$C,MATCH(B58,Exigences!$A:$A,0)) | E58: =INDEX(Exigences!$F:$F,MATCH(B58,Exigences!$A:$A,0)) | F58: =INDEX(Exigences!$G:$G,MATCH(B58,Exigences!$A:$A,0)) | G58: =INDEX(Exigences!$E:$E,MATCH(B58,Exigences!$A:$A,0))
A59: Origine | B59: EX-E1 | C59: =INDEX(Exigences!$D:$D,MATCH(B59,Exigences!$A:$A,0)) | D59: =INDEX(Exigences!$C:$C,MATCH(B59,Exigences!$A:$A,0)) | H59: =INDEX(Exigences!$H:$H,MATCH(B59,Exigences!$A:$A,0))
A60: Dérivée | B60: D-V2-03 | C60: =INDEX(Exigences!$D:$D,MATCH(B60,Exigences!$A:$A,0)) | D60: =INDEX(Exigences!$C:$C,MATCH(B60,Exigences!$A:$A,0)) | E60: =INDEX(Exigences!$F:$F,MATCH(B60,Exigences!$A:$A,0)) | F60: =INDEX(Exigences!$G:$G,MATCH(B60,Exigences!$A:$A,0)) | G60: =INDEX(Exigences!$E:$E,MATCH(B60,Exigences!$A:$A,0))
A61: Origine | B61: EX-E2 | C61: =INDEX(Exigences!$D:$D,MATCH(B61,Exigences!$A:$A,0)) | D61: =INDEX(Exigences!$C:$C,MATCH(B61,Exigences!$A:$A,0)) | H61: =INDEX(Exigences!$H:$H,MATCH(B61,Exigences!$A:$A,0))
A62: Dérivée | B62: D-A1-09 | C62: =INDEX(Exigences!$D:$D,MATCH(B62,Exigences!$A:$A,0)) | D62: =INDEX(Exigences!$C:$C,MATCH(B62,Exigences!$A:$A,0)) | E62: =INDEX(Exigences!$F:$F,MATCH(B62,Exigences!$A:$A,0)) | F62: =INDEX(Exigences!$G:$G,MATCH(B62,Exigences!$A:$A,0)) | G62: =INDEX(Exigences!$E:$E,MATCH(B62,Exigences!$A:$A,0))
A63: Dérivée | B63: D-B-02 | C63: =INDEX(Exigences!$D:$D,MATCH(B63,Exigences!$A:$A,0)) | D63: =INDEX(Exigences!$C:$C,MATCH(B63,Exigences!$A:$A,0)) | E63: =INDEX(Exigences!$F:$F,MATCH(B63,Exigences!$A:$A,0)) | F63: =INDEX(Exigences!$G:$G,MATCH(B63,Exigences!$A:$A,0)) | G63: =INDEX(Exigences!$E:$E,MATCH(B63,Exigences!$A:$A,0))
A64: Dérivée | B64: D-V2-04 | C64: =INDEX(Exigences!$D:$D,MATCH(B64,Exigences!$A:$A,0)) | D64: =INDEX(Exigences!$C:$C,MATCH(B64,Exigences!$A:$A,0)) | E64: =INDEX(Exigences!$F:$F,MATCH(B64,Exigences!$A:$A,0)) | F64: =INDEX(Exigences!$G:$G,MATCH(B64,Exigences!$A:$A,0)) | G64: =INDEX(Exigences!$E:$E,MATCH(B64,Exigences!$A:$A,0))
A65: Origine | B65: EX-E3 | C65: =INDEX(Exigences!$D:$D,MATCH(B65,Exigences!$A:$A,0)) | D65: =INDEX(Exigences!$C:$C,MATCH(B65,Exigences!$A:$A,0)) | H65: =INDEX(Exigences!$H:$H,MATCH(B65,Exigences!$A:$A,0))
A66: Dérivée | B66: D-T-02 | C66: =INDEX(Exigences!$D:$D,MATCH(B66,Exigences!$A:$A,0)) | D66: =INDEX(Exigences!$C:$C,MATCH(B66,Exigences!$A:$A,0)) | E66: =INDEX(Exigences!$F:$F,MATCH(B66,Exigences!$A:$A,0)) | F66: =INDEX(Exigences!$G:$G,MATCH(B66,Exigences!$A:$A,0)) | G66: =INDEX(Exigences!$E:$E,MATCH(B66,Exigences!$A:$A,0))
A67: Dérivée | B67: D-V2-05 | C67: =INDEX(Exigences!$D:$D,MATCH(B67,Exigences!$A:$A,0)) | D67: =INDEX(Exigences!$C:$C,MATCH(B67,Exigences!$A:$A,0)) | E67: =INDEX(Exigences!$F:$F,MATCH(B67,Exigences!$A:$A,0)) | F67: =INDEX(Exigences!$G:$G,MATCH(B67,Exigences!$A:$A,0)) | G67: =INDEX(Exigences!$E:$E,MATCH(B67,Exigences!$A:$A,0))
A68: Dérivée | B68: D-V2-06 | C68: =INDEX(Exigences!$D:$D,MATCH(B68,Exigences!$A:$A,0)) | D68: =INDEX(Exigences!$C:$C,MATCH(B68,Exigences!$A:$A,0)) | E68: =INDEX(Exigences!$F:$F,MATCH(B68,Exigences!$A:$A,0)) | F68: =INDEX(Exigences!$G:$G,MATCH(B68,Exigences!$A:$A,0)) | G68: =INDEX(Exigences!$E:$E,MATCH(B68,Exigences!$A:$A,0))
A69: Origine | B69: EX-E4 | C69: =INDEX(Exigences!$D:$D,MATCH(B69,Exigences!$A:$A,0)) | D69: =INDEX(Exigences!$C:$C,MATCH(B69,Exigences!$A:$A,0)) | H69: =INDEX(Exigences!$H:$H,MATCH(B69,Exigences!$A:$A,0))
A70: Dérivée | B70: D-A2-02 | C70: =INDEX(Exigences!$D:$D,MATCH(B70,Exigences!$A:$A,0)) | D70: =INDEX(Exigences!$C:$C,MATCH(B70,Exigences!$A:$A,0)) | E70: =INDEX(Exigences!$F:$F,MATCH(B70,Exigences!$A:$A,0)) | F70: =INDEX(Exigences!$G:$G,MATCH(B70,Exigences!$A:$A,0)) | G70: =INDEX(Exigences!$E:$E,MATCH(B70,Exigences!$A:$A,0))
A71: Dérivée | B71: D-A3-05 | C71: =INDEX(Exigences!$D:$D,MATCH(B71,Exigences!$A:$A,0)) | D71: =INDEX(Exigences!$C:$C,MATCH(B71,Exigences!$A:$A,0)) | E71: =INDEX(Exigences!$F:$F,MATCH(B71,Exigences!$A:$A,0)) | F71: =INDEX(Exigences!$G:$G,MATCH(B71,Exigences!$A:$A,0)) | G71: =INDEX(Exigences!$E:$E,MATCH(B71,Exigences!$A:$A,0))
A72: Dérivée | B72: D-A3-06 | C72: =INDEX(Exigences!$D:$D,MATCH(B72,Exigences!$A:$A,0)) | D72: =INDEX(Exigences!$C:$C,MATCH(B72,Exigences!$A:$A,0)) | E72: =INDEX(Exigences!$F:$F,MATCH(B72,Exigences!$A:$A,0)) | F72: =INDEX(Exigences!$G:$G,MATCH(B72,Exigences!$A:$A,0)) | G72: =INDEX(Exigences!$E:$E,MATCH(B72,Exigences!$A:$A,0))
A73: Dérivée | B73: D-D-08 | C73: =INDEX(Exigences!$D:$D,MATCH(B73,Exigences!$A:$A,0)) | D73: =INDEX(Exigences!$C:$C,MATCH(B73,Exigences!$A:$A,0)) | E73: =INDEX(Exigences!$F:$F,MATCH(B73,Exigences!$A:$A,0)) | F73: =INDEX(Exigences!$G:$G,MATCH(B73,Exigences!$A:$A,0)) | G73: =INDEX(Exigences!$E:$E,MATCH(B73,Exigences!$A:$A,0))
A74: Dérivée | B74: D-T-01 | C74: =INDEX(Exigences!$D:$D,MATCH(B74,Exigences!$A:$A,0)) | D74: =INDEX(Exigences!$C:$C,MATCH(B74,Exigences!$A:$A,0)) | E74: =INDEX(Exigences!$F:$F,MATCH(B74,Exigences!$A:$A,0)) | F74: =INDEX(Exigences!$G:$G,MATCH(B74,Exigences!$A:$A,0)) | G74: =INDEX(Exigences!$E:$E,MATCH(B74,Exigences!$A:$A,0))
A75: Dérivée | B75: D-T-02 | C75: =INDEX(Exigences!$D:$D,MATCH(B75,Exigences!$A:$A,0)) | D75: =INDEX(Exigences!$C:$C,MATCH(B75,Exigences!$A:$A,0)) | E75: =INDEX(Exigences!$F:$F,MATCH(B75,Exigences!$A:$A,0)) | F75: =INDEX(Exigences!$G:$G,MATCH(B75,Exigences!$A:$A,0)) | G75: =INDEX(Exigences!$E:$E,MATCH(B75,Exigences!$A:$A,0))
A76: Dérivée | B76: D-V2-07 | C76: =INDEX(Exigences!$D:$D,MATCH(B76,Exigences!$A:$A,0)) | D76: =INDEX(Exigences!$C:$C,MATCH(B76,Exigences!$A:$A,0)) | E76: =INDEX(Exigences!$F:$F,MATCH(B76,Exigences!$A:$A,0)) | F76: =INDEX(Exigences!$G:$G,MATCH(B76,Exigences!$A:$A,0)) | G76: =INDEX(Exigences!$E:$E,MATCH(B76,Exigences!$A:$A,0))
A77: Décision | B77: DC-1 | C77: =INDEX(Exigences!$D:$D,MATCH(B77,Exigences!$A:$A,0)) | D77: =INDEX(Exigences!$C:$C,MATCH(B77,Exigences!$A:$A,0)) | H77: =INDEX(Exigences!$H:$H,MATCH(B77,Exigences!$A:$A,0))
A78: Dérivée | B78: D-A1-01 | C78: =INDEX(Exigences!$D:$D,MATCH(B78,Exigences!$A:$A,0)) | D78: =INDEX(Exigences!$C:$C,MATCH(B78,Exigences!$A:$A,0)) | E78: =INDEX(Exigences!$F:$F,MATCH(B78,Exigences!$A:$A,0)) | F78: =INDEX(Exigences!$G:$G,MATCH(B78,Exigences!$A:$A,0)) | G78: =INDEX(Exigences!$E:$E,MATCH(B78,Exigences!$A:$A,0))
A79: Dérivée | B79: D-A3-07 | C79: =INDEX(Exigences!$D:$D,MATCH(B79,Exigences!$A:$A,0)) | D79: =INDEX(Exigences!$C:$C,MATCH(B79,Exigences!$A:$A,0)) | E79: =INDEX(Exigences!$F:$F,MATCH(B79,Exigences!$A:$A,0)) | F79: =INDEX(Exigences!$G:$G,MATCH(B79,Exigences!$A:$A,0)) | G79: =INDEX(Exigences!$E:$E,MATCH(B79,Exigences!$A:$A,0))
A80: Dérivée | B80: D-A3-08 | C80: =INDEX(Exigences!$D:$D,MATCH(B80,Exigences!$A:$A,0)) | D80: =INDEX(Exigences!$C:$C,MATCH(B80,Exigences!$A:$A,0)) | E80: =INDEX(Exigences!$F:$F,MATCH(B80,Exigences!$A:$A,0)) | F80: =INDEX(Exigences!$G:$G,MATCH(B80,Exigences!$A:$A,0)) | G80: =INDEX(Exigences!$E:$E,MATCH(B80,Exigences!$A:$A,0))
A81: Dérivée | B81: D-D-06 | C81: =INDEX(Exigences!$D:$D,MATCH(B81,Exigences!$A:$A,0)) | D81: =INDEX(Exigences!$C:$C,MATCH(B81,Exigences!$A:$A,0)) | E81: =INDEX(Exigences!$F:$F,MATCH(B81,Exigences!$A:$A,0)) | F81: =INDEX(Exigences!$G:$G,MATCH(B81,Exigences!$A:$A,0)) | G81: =INDEX(Exigences!$E:$E,MATCH(B81,Exigences!$A:$A,0))
A82: Dérivée | B82: D-D-07 | C82: =INDEX(Exigences!$D:$D,MATCH(B82,Exigences!$A:$A,0)) | D82: =INDEX(Exigences!$C:$C,MATCH(B82,Exigences!$A:$A,0)) | E82: =INDEX(Exigences!$F:$F,MATCH(B82,Exigences!$A:$A,0)) | F82: =INDEX(Exigences!$G:$G,MATCH(B82,Exigences!$A:$A,0)) | G82: =INDEX(Exigences!$E:$E,MATCH(B82,Exigences!$A:$A,0))
A83: Dérivée | B83: D-V2-01 | C83: =INDEX(Exigences!$D:$D,MATCH(B83,Exigences!$A:$A,0)) | D83: =INDEX(Exigences!$C:$C,MATCH(B83,Exigences!$A:$A,0)) | E83: =INDEX(Exigences!$F:$F,MATCH(B83,Exigences!$A:$A,0)) | F83: =INDEX(Exigences!$G:$G,MATCH(B83,Exigences!$A:$A,0)) | G83: =INDEX(Exigences!$E:$E,MATCH(B83,Exigences!$A:$A,0))
A84: Décision | B84: DC-2 | C84: =INDEX(Exigences!$D:$D,MATCH(B84,Exigences!$A:$A,0)) | D84: =INDEX(Exigences!$C:$C,MATCH(B84,Exigences!$A:$A,0)) | H84: =INDEX(Exigences!$H:$H,MATCH(B84,Exigences!$A:$A,0))
A85: Dérivée | B85: D-A1-06 | C85: =INDEX(Exigences!$D:$D,MATCH(B85,Exigences!$A:$A,0)) | D85: =INDEX(Exigences!$C:$C,MATCH(B85,Exigences!$A:$A,0)) | E85: =INDEX(Exigences!$F:$F,MATCH(B85,Exigences!$A:$A,0)) | F85: =INDEX(Exigences!$G:$G,MATCH(B85,Exigences!$A:$A,0)) | G85: =INDEX(Exigences!$E:$E,MATCH(B85,Exigences!$A:$A,0))
A86: Dérivée | B86: D-A2-07 | C86: =INDEX(Exigences!$D:$D,MATCH(B86,Exigences!$A:$A,0)) | D86: =INDEX(Exigences!$C:$C,MATCH(B86,Exigences!$A:$A,0)) | E86: =INDEX(Exigences!$F:$F,MATCH(B86,Exigences!$A:$A,0)) | F86: =INDEX(Exigences!$G:$G,MATCH(B86,Exigences!$A:$A,0)) | G86: =INDEX(Exigences!$E:$E,MATCH(B86,Exigences!$A:$A,0))
A87: Dérivée | B87: D-C-01 | C87: =INDEX(Exigences!$D:$D,MATCH(B87,Exigences!$A:$A,0)) | D87: =INDEX(Exigences!$C:$C,MATCH(B87,Exigences!$A:$A,0)) | E87: =INDEX(Exigences!$F:$F,MATCH(B87,Exigences!$A:$A,0)) | F87: =INDEX(Exigences!$G:$G,MATCH(B87,Exigences!$A:$A,0)) | G87: =INDEX(Exigences!$E:$E,MATCH(B87,Exigences!$A:$A,0))
A88: Dérivée | B88: D-C-02 | C88: =INDEX(Exigences!$D:$D,MATCH(B88,Exigences!$A:$A,0)) | D88: =INDEX(Exigences!$C:$C,MATCH(B88,Exigences!$A:$A,0)) | E88: =INDEX(Exigences!$F:$F,MATCH(B88,Exigences!$A:$A,0)) | F88: =INDEX(Exigences!$G:$G,MATCH(B88,Exigences!$A:$A,0)) | G88: =INDEX(Exigences!$E:$E,MATCH(B88,Exigences!$A:$A,0))
A89: Décision | B89: DC-3 | C89: =INDEX(Exigences!$D:$D,MATCH(B89,Exigences!$A:$A,0)) | D89: =INDEX(Exigences!$C:$C,MATCH(B89,Exigences!$A:$A,0)) | H89: =INDEX(Exigences!$H:$H,MATCH(B89,Exigences!$A:$A,0))
A90: Dérivée | B90: D-A3-12 | C90: =INDEX(Exigences!$D:$D,MATCH(B90,Exigences!$A:$A,0)) | D90: =INDEX(Exigences!$C:$C,MATCH(B90,Exigences!$A:$A,0)) | E90: =INDEX(Exigences!$F:$F,MATCH(B90,Exigences!$A:$A,0)) | F90: =INDEX(Exigences!$G:$G,MATCH(B90,Exigences!$A:$A,0)) | G90: =INDEX(Exigences!$E:$E,MATCH(B90,Exigences!$A:$A,0))
A91: Décision | B91: DC-4 | C91: =INDEX(Exigences!$D:$D,MATCH(B91,Exigences!$A:$A,0)) | D91: =INDEX(Exigences!$C:$C,MATCH(B91,Exigences!$A:$A,0)) | H91: =INDEX(Exigences!$H:$H,MATCH(B91,Exigences!$A:$A,0))
A92: Dérivée | B92: D-A2-04 | C92: =INDEX(Exigences!$D:$D,MATCH(B92,Exigences!$A:$A,0)) | D92: =INDEX(Exigences!$C:$C,MATCH(B92,Exigences!$A:$A,0)) | E92: =INDEX(Exigences!$F:$F,MATCH(B92,Exigences!$A:$A,0)) | F92: =INDEX(Exigences!$G:$G,MATCH(B92,Exigences!$A:$A,0)) | G92: =INDEX(Exigences!$E:$E,MATCH(B92,Exigences!$A:$A,0))
A93: Dérivée | B93: D-A2-05 | C93: =INDEX(Exigences!$D:$D,MATCH(B93,Exigences!$A:$A,0)) | D93: =INDEX(Exigences!$C:$C,MATCH(B93,Exigences!$A:$A,0)) | E93: =INDEX(Exigences!$F:$F,MATCH(B93,Exigences!$A:$A,0)) | F93: =INDEX(Exigences!$G:$G,MATCH(B93,Exigences!$A:$A,0)) | G93: =INDEX(Exigences!$E:$E,MATCH(B93,Exigences!$A:$A,0))
A94: Dérivée | B94: D-A2-06 | C94: =INDEX(Exigences!$D:$D,MATCH(B94,Exigences!$A:$A,0)) | D94: =INDEX(Exigences!$C:$C,MATCH(B94,Exigences!$A:$A,0)) | E94: =INDEX(Exigences!$F:$F,MATCH(B94,Exigences!$A:$A,0)) | F94: =INDEX(Exigences!$G:$G,MATCH(B94,Exigences!$A:$A,0)) | G94: =INDEX(Exigences!$E:$E,MATCH(B94,Exigences!$A:$A,0))
A95: Dérivée | B95: D-A2-10 | C95: =INDEX(Exigences!$D:$D,MATCH(B95,Exigences!$A:$A,0)) | D95: =INDEX(Exigences!$C:$C,MATCH(B95,Exigences!$A:$A,0)) | E95: =INDEX(Exigences!$F:$F,MATCH(B95,Exigences!$A:$A,0)) | F95: =INDEX(Exigences!$G:$G,MATCH(B95,Exigences!$A:$A,0)) | G95: =INDEX(Exigences!$E:$E,MATCH(B95,Exigences!$A:$A,0))
A96: Dérivée | B96: D-D-09 | C96: =INDEX(Exigences!$D:$D,MATCH(B96,Exigences!$A:$A,0)) | D96: =INDEX(Exigences!$C:$C,MATCH(B96,Exigences!$A:$A,0)) | E96: =INDEX(Exigences!$F:$F,MATCH(B96,Exigences!$A:$A,0)) | F96: =INDEX(Exigences!$G:$G,MATCH(B96,Exigences!$A:$A,0)) | G96: =INDEX(Exigences!$E:$E,MATCH(B96,Exigences!$A:$A,0))
A97: Décision | B97: DC-5 | C97: =INDEX(Exigences!$D:$D,MATCH(B97,Exigences!$A:$A,0)) | D97: =INDEX(Exigences!$C:$C,MATCH(B97,Exigences!$A:$A,0)) | H97: =INDEX(Exigences!$H:$H,MATCH(B97,Exigences!$A:$A,0))
A98: Dérivée | B98: D-A2-08 | C98: =INDEX(Exigences!$D:$D,MATCH(B98,Exigences!$A:$A,0)) | D98: =INDEX(Exigences!$C:$C,MATCH(B98,Exigences!$A:$A,0)) | E98: =INDEX(Exigences!$F:$F,MATCH(B98,Exigences!$A:$A,0)) | F98: =INDEX(Exigences!$G:$G,MATCH(B98,Exigences!$A:$A,0)) | G98: =INDEX(Exigences!$E:$E,MATCH(B98,Exigences!$A:$A,0))
A99: Dérivée | B99: D-A2-09 | C99: =INDEX(Exigences!$D:$D,MATCH(B99,Exigences!$A:$A,0)) | D99: =INDEX(Exigences!$C:$C,MATCH(B99,Exigences!$A:$A,0)) | E99: =INDEX(Exigences!$F:$F,MATCH(B99,Exigences!$A:$A,0)) | F99: =INDEX(Exigences!$G:$G,MATCH(B99,Exigences!$A:$A,0)) | G99: =INDEX(Exigences!$E:$E,MATCH(B99,Exigences!$A:$A,0))
A100: Dérivée | B100: D-A2-10 | C100: =INDEX(Exigences!$D:$D,MATCH(B100,Exigences!$A:$A,0)) | D100: =INDEX(Exigences!$C:$C,MATCH(B100,Exigences!$A:$A,0)) | E100: =INDEX(Exigences!$F:$F,MATCH(B100,Exigences!$A:$A,0)) | F100: =INDEX(Exigences!$G:$G,MATCH(B100,Exigences!$A:$A,0)) | G100: =INDEX(Exigences!$E:$E,MATCH(B100,Exigences!$A:$A,0))
A101: Décision | B101: DC-6 | C101: =INDEX(Exigences!$D:$D,MATCH(B101,Exigences!$A:$A,0)) | D101: =INDEX(Exigences!$C:$C,MATCH(B101,Exigences!$A:$A,0)) | H101: =INDEX(Exigences!$H:$H,MATCH(B101,Exigences!$A:$A,0))
A102: Dérivée | B102: D-B-03 | C102: =INDEX(Exigences!$D:$D,MATCH(B102,Exigences!$A:$A,0)) | D102: =INDEX(Exigences!$C:$C,MATCH(B102,Exigences!$A:$A,0)) | E102: =INDEX(Exigences!$F:$F,MATCH(B102,Exigences!$A:$A,0)) | F102: =INDEX(Exigences!$G:$G,MATCH(B102,Exigences!$A:$A,0)) | G102: =INDEX(Exigences!$E:$E,MATCH(B102,Exigences!$A:$A,0))
...

Sheet Matrice
A1: Matrice de traçabilité : ● = l'exigence dérivée (ligne) découle de l'exigence d'origine ou de la décision (colonne)
A3: ID dérivée | B3: Bloc | C3: Exigence | D3: EX-A1 | E3: EX-A2 | F3: EX-A3 | G3: EX-B1 | H3: EX-C1 | I3: EX-C2 | J3: EX-C3 | K3: EX-D1 | L3: EX-D2 | M3: EX-E1 | N3: EX-E2 | O3: EX-E3 | P3: EX-E4 | Q3: DC-1 | R3: DC-2 | S3: DC-3 | T3: DC-4 | U3: DC-5 | V3: DC-6 | W3: DC-7 | X3: DC-8 | Y3: Nb origines
A4: D-A1-01 | B4: =INDEX(Exigences!$C:$C,MATCH(A4,Exigences!$A:$A,0)) | C4: =INDEX(Exigences!$D:$D,MATCH(A4,Exigences!$A:$A,0)) | D4: =IF(ISNUMBER(SEARCH(D$3,INDEX(Exigences!$E:$E,MATCH($A4,Exigences!$A:$A,0)))),"●","") | E4: =IF(ISNUMBER(SEARCH(E$3,INDEX(Exigences!$E:$E,MATCH($A4,Exigences!$A:$A,0)))),"●","") | F4: =IF(ISNUMBER(SEARCH(F$3,INDEX(Exigences!$E:$E,MATCH($A4,Exigences!$A:$A,0)))),"●","") | G4: =IF(ISNUMBER(SEARCH(G$3,INDEX(Exigences!$E:$E,MATCH($A4,Exigences!$A:$A,0)))),"●","") | H4: =IF(ISNUMBER(SEARCH(H$3,INDEX(Exigences!$E:$E,MATCH($A4,Exigences!$A:$A,0)))),"●","") | I4: =IF(ISNUMBER(SEARCH(I$3,INDEX(Exigences!$E:$E,MATCH($A4,Exigences!$A:$A,0)))),"●","") | J4: =IF(ISNUMBER(SEARCH(J$3,INDEX(Exigences!$E:$E,MATCH($A4,Exigences!$A:$A,0)))),"●","") | K4: =IF(ISNUMBER(SEARCH(K$3,INDEX(Exigences!$E:$E,MATCH($A4,Exigences!$A:$A,0)))),"●","") | ... X4: =IF(ISNUMBER(SEARCH(X$3,INDEX(Exigences!$E:$E,MATCH($A4,Exigences!$A:$A,0)))),"●","") | Y4: =COUNTIF(D4:X4,"●")
A5: D-A1-02 | B5: =INDEX(Exigences!$C:$C,MATCH(A5,Exigences!$A:$A,0)) | C5: =INDEX(Exigences!$D:$D,MATCH(A5,Exigences!$A:$A,0)) | D5: =IF(ISNUMBER(SEARCH(D$3,INDEX(Exigences!$E:$E,MATCH($A5,Exigences!$A:$A,0)))),"●","") | E5: =IF(ISNUMBER(SEARCH(E$3,INDEX(Exigences!$E:$E,MATCH($A5,Exigences!$A:$A,0)))),"●","") | F5: =IF(ISNUMBER(SEARCH(F$3,INDEX(Exigences!$E:$E,MATCH($A5,Exigences!$A:$A,0)))),"●","") | G5: =IF(ISNUMBER(SEARCH(G$3,INDEX(Exigences!$E:$E,MATCH($A5,Exigences!$A:$A,0)))),"●","") | H5: =IF(ISNUMBER(SEARCH(H$3,INDEX(Exigences!$E:$E,MATCH($A5,Exigences!$A:$A,0)))),"●","") | I5: =IF(ISNUMBER(SEARCH(I$3,INDEX(Exigences!$E:$E,MATCH($A5,Exigences!$A:$A,0)))),"●","") | J5: =IF(ISNUMBER(SEARCH(J$3,INDEX(Exigences!$E:$E,MATCH($A5,Exigences!$A:$A,0)))),"●","") | K5: =IF(ISNUMBER(SEARCH(K$3,INDEX(Exigences!$E:$E,MATCH($A5,Exigences!$A:$A,0)))),"●","") | ... X5: =IF(ISNUMBER(SEARCH(X$3,INDEX(Exigences!$E:$E,MATCH($A5,Exigences!$A:$A,0)))),"●","") | Y5: =COUNTIF(D5:X5,"●")
A6: D-A1-03 | B6: =INDEX(Exigences!$C:$C,MATCH(A6,Exigences!$A:$A,0)) | C6: =INDEX(Exigences!$D:$D,MATCH(A6,Exigences!$A:$A,0)) | D6: =IF(ISNUMBER(SEARCH(D$3,INDEX(Exigences!$E:$E,MATCH($A6,Exigences!$A:$A,0)))),"●","") | E6: =IF(ISNUMBER(SEARCH(E$3,INDEX(Exigences!$E:$E,MATCH($A6,Exigences!$A:$A,0)))),"●","") | F6: =IF(ISNUMBER(SEARCH(F$3,INDEX(Exigences!$E:$E,MATCH($A6,Exigences!$A:$A,0)))),"●","") | G6: =IF(ISNUMBER(SEARCH(G$3,INDEX(Exigences!$E:$E,MATCH($A6,Exigences!$A:$A,0)))),"●","") | H6: =IF(ISNUMBER(SEARCH(H$3,INDEX(Exigences!$E:$E,MATCH($A6,Exigences!$A:$A,0)))),"●","") | I6: =IF(ISNUMBER(SEARCH(I$3,INDEX(Exigences!$E:$E,MATCH($A6,Exigences!$A:$A,0)))),"●","") | J6: =IF(ISNUMBER(SEARCH(J$3,INDEX(Exigences!$E:$E,MATCH($A6,Exigences!$A:$A,0)))),"●","") | K6: =IF(ISNUMBER(SEARCH(K$3,INDEX(Exigences!$E:$E,MATCH($A6,Exigences!$A:$A,0)))),"●","") | ... X6: =IF(ISNUMBER(SEARCH(X$3,INDEX(Exigences!$E:$E,MATCH($A6,Exigences!$A:$A,0)))),"●","") | Y6: =COUNTIF(D6:X6,"●")
A7: D-A1-04 | B7: =INDEX(Exigences!$C:$C,MATCH(A7,Exigences!$A:$A,0)) | C7: =INDEX(Exigences!$D:$D,MATCH(A7,Exigences!$A:$A,0)) | D7: =IF(ISNUMBER(SEARCH(D$3,INDEX(Exigences!$E:$E,MATCH($A7,Exigences!$A:$A,0)))),"●","") | E7: =IF(ISNUMBER(SEARCH(E$3,INDEX(Exigences!$E:$E,MATCH($A7,Exigences!$A:$A,0)))),"●","") | F7: =IF(ISNUMBER(SEARCH(F$3,INDEX(Exigences!$E:$E,MATCH($A7,Exigences!$A:$A,0)))),"●","") | G7: =IF(ISNUMBER(SEARCH(G$3,INDEX(Exigences!$E:$E,MATCH($A7,Exigences!$A:$A,0)))),"●","") | H7: =IF(ISNUMBER(SEARCH(H$3,INDEX(Exigences!$E:$E,MATCH($A7,Exigences!$A:$A,0)))),"●","") | I7: =IF(ISNUMBER(SEARCH(I$3,INDEX(Exigences!$E:$E,MATCH($A7,Exigences!$A:$A,0)))),"●","") | J7: =IF(ISNUMBER(SEARCH(J$3,INDEX(Exigences!$E:$E,MATCH($A7,Exigences!$A:$A,0)))),"●","") | K7: =IF(ISNUMBER(SEARCH(K$3,INDEX(Exigences!$E:$E,MATCH($A7,Exigences!$A:$A,0)))),"●","") | ... X7: =IF(ISNUMBER(SEARCH(X$3,INDEX(Exigences!$E:$E,MATCH($A7,Exigences!$A:$A,0)))),"●","") | Y7: =COUNTIF(D7:X7,"●")
A8: D-A1-05 | B8: =INDEX(Exigences!$C:$C,MATCH(A8,Exigences!$A:$A,0)) | C8: =INDEX(Exigences!$D:$D,MATCH(A8,Exigences!$A:$A,0)) | D8: =IF(ISNUMBER(SEARCH(D$3,INDEX(Exigences!$E:$E,MATCH($A8,Exigences!$A:$A,0)))),"●","") | E8: =IF(ISNUMBER(SEARCH(E$3,INDEX(Exigences!$E:$E,MATCH($A8,Exigences!$A:$A,0)))),"●","") | F8: =IF(ISNUMBER(SEARCH(F$3,INDEX(Exigences!$E:$E,MATCH($A8,Exigences!$A:$A,0)))),"●","") | G8: =IF(ISNUMBER(SEARCH(G$3,INDEX(Exigences!$E:$E,MATCH($A8,Exigences!$A:$A,0)))),"●","") | H8: =IF(ISNUMBER(SEARCH(H$3,INDEX(Exigences!$E:$E,MATCH($A8,Exigences!$A:$A,0)))),"●","") | I8: =IF(ISNUMBER(SEARCH(I$3,INDEX(Exigences!$E:$E,MATCH($A8,Exigences!$A:$A,0)))),"●","") | J8: =IF(ISNUMBER(SEARCH(J$3,INDEX(Exigences!$E:$E,MATCH($A8,Exigences!$A:$A,0)))),"●","") | K8: =IF(ISNUMBER(SEARCH(K$3,INDEX(Exigences!$E:$E,MATCH($A8,Exigences!$A:$A,0)))),"●","") | ... X8: =IF(ISNUMBER(SEARCH(X$3,INDEX(Exigences!$E:$E,MATCH($A8,Exigences!$A:$A,0)))),"●","") | Y8: =COUNTIF(D8:X8,"●")
A9: D-A1-06 | B9: =INDEX(Exigences!$C:$C,MATCH(A9,Exigences!$A:$A,0)) | C9: =INDEX(Exigences!$D:$D,MATCH(A9,Exigences!$A:$A,0)) | D9: =IF(ISNUMBER(SEARCH(D$3,INDEX(Exigences!$E:$E,MATCH($A9,Exigences!$A:$A,0)))),"●","") | E9: =IF(ISNUMBER(SEARCH(E$3,INDEX(Exigences!$E:$E,MATCH($A9,Exigences!$A:$A,0)))),"●","") | F9: =IF(ISNUMBER(SEARCH(F$3,INDEX(Exigences!$E:$E,MATCH($A9,Exigences!$A:$A,0)))),"●","") | G9: =IF(ISNUMBER(SEARCH(G$3,INDEX(Exigences!$E:$E,MATCH($A9,Exigences!$A:$A,0)))),"●","") | H9: =IF(ISNUMBER(SEARCH(H$3,INDEX(Exigences!$E:$E,MATCH($A9,Exigences!$A:$A,0)))),"●","") | I9: =IF(ISNUMBER(SEARCH(I$3,INDEX(Exigences!$E:$E,MATCH($A9,Exigences!$A:$A,0)))),"●","") | J9: =IF(ISNUMBER(SEARCH(J$3,INDEX(Exigences!$E:$E,MATCH($A9,Exigences!$A:$A,0)))),"●","") | K9: =IF(ISNUMBER(SEARCH(K$3,INDEX(Exigences!$E:$E,MATCH($A9,Exigences!$A:$A,0)))),"●","") | ... X9: =IF(ISNUMBER(SEARCH(X$3,INDEX(Exigences!$E:$E,MATCH($A9,Exigences!$A:$A,0)))),"●","") | Y9: =COUNTIF(D9:X9,"●")
A10: D-A1-07 | B10: =INDEX(Exigences!$C:$C,MATCH(A10,Exigences!$A:$A,0)) | C10: =INDEX(Exigences!$D:$D,MATCH(A10,Exigences!$A:$A,0)) | D10: =IF(ISNUMBER(SEARCH(D$3,INDEX(Exigences!$E:$E,MATCH($A10,Exigences!$A:$A,0)))),"●","") | E10: =IF(ISNUMBER(SEARCH(E$3,INDEX(Exigences!$E:$E,MATCH($A10,Exigences!$A:$A,0)))),"●","") | F10: =IF(ISNUMBER(SEARCH(F$3,INDEX(Exigences!$E:$E,MATCH($A10,Exigences!$A:$A,0)))),"●","") | G10: =IF(ISNUMBER(SEARCH(G$3,INDEX(Exigences!$E:$E,MATCH($A10,Exigences!$A:$A,0)))),"●","") | H10: =IF(ISNUMBER(SEARCH(H$3,INDEX(Exigences!$E:$E,MATCH($A10,Exigences!$A:$A,0)))),"●","") | I10: =IF(ISNUMBER(SEARCH(I$3,INDEX(Exigences!$E:$E,MATCH($A10,Exigences!$A:$A,0)))),"●","") | J10: =IF(ISNUMBER(SEARCH(J$3,INDEX(Exigences!$E:$E,MATCH($A10,Exigences!$A:$A,0)))),"●","") | K10: =IF(ISNUMBER(SEARCH(K$3,INDEX(Exigences!$E:$E,MATCH($A10,Exigences!$A:$A,0)))),"●","") | ... X10: =IF(ISNUMBER(SEARCH(X$3,INDEX(Exigences!$E:$E,MATCH($A10,Exigences!$A:$A,0)))),"●","") | Y10: =COUNTIF(D10:X10,"●")
A11: D-A1-08 | B11: =INDEX(Exigences!$C:$C,MATCH(A11,Exigences!$A:$A,0)) | C11: =INDEX(Exigences!$D:$D,MATCH(A11,Exigences!$A:$A,0)) | D11: =IF(ISNUMBER(SEARCH(D$3,INDEX(Exigences!$E:$E,MATCH($A11,Exigences!$A:$A,0)))),"●","") | E11: =IF(ISNUMBER(SEARCH(E$3,INDEX(Exigences!$E:$E,MATCH($A11,Exigences!$A:$A,0)))),"●","") | F11: =IF(ISNUMBER(SEARCH(F$3,INDEX(Exigences!$E:$E,MATCH($A11,Exigences!$A:$A,0)))),"●","") | G11: =IF(ISNUMBER(SEARCH(G$3,INDEX(Exigences!$E:$E,MATCH($A11,Exigences!$A:$A,0)))),"●","") | H11: =IF(ISNUMBER(SEARCH(H$3,INDEX(Exigences!$E:$E,MATCH($A11,Exigences!$A:$A,0)))),"●","") | I11: =IF(ISNUMBER(SEARCH(I$3,INDEX(Exigences!$E:$E,MATCH($A11,Exigences!$A:$A,0)))),"●","") | J11: =IF(ISNUMBER(SEARCH(J$3,INDEX(Exigences!$E:$E,MATCH($A11,Exigences!$A:$A,0)))),"●","") | K11: =IF(ISNUMBER(SEARCH(K$3,INDEX(Exigences!$E:$E,MATCH($A11,Exigences!$A:$A,0)))),"●","") | ... X11: =IF(ISNUMBER(SEARCH(X$3,INDEX(Exigences!$E:$E,MATCH($A11,Exigences!$A:$A,0)))),"●","") | Y11: =COUNTIF(D11:X11,"●")
A12: D-A1-09 | B12: =INDEX(Exigences!$C:$C,MATCH(A12,Exigences!$A:$A,0)) | C12: =INDEX(Exigences!$D:$D,MATCH(A12,Exigences!$A:$A,0)) | D12: =IF(ISNUMBER(SEARCH(D$3,INDEX(Exigences!$E:$E,MATCH($A12,Exigences!$A:$A,0)))),"●","") | E12: =IF(ISNUMBER(SEARCH(E$3,INDEX(Exigences!$E:$E,MATCH($A12,Exigences!$A:$A,0)))),"●","") | F12: =IF(ISNUMBER(SEARCH(F$3,INDEX(Exigences!$E:$E,MATCH($A12,Exigences!$A:$A,0)))),"●","") | G12: =IF(ISNUMBER(SEARCH(G$3,INDEX(Exigences!$E:$E,MATCH($A12,Exigences!$A:$A,0)))),"●","") | H12: =IF(ISNUMBER(SEARCH(H$3,INDEX(Exigences!$E:$E,MATCH($A12,Exigences!$A:$A,0)))),"●","") | I12: =IF(ISNUMBER(SEARCH(I$3,INDEX(Exigences!$E:$E,MATCH($A12,Exigences!$A:$A,0)))),"●","") | J12: =IF(ISNUMBER(SEARCH(J$3,INDEX(Exigences!$E:$E,MATCH($A12,Exigences!$A:$A,0)))),"●","") | K12: =IF(ISNUMBER(SEARCH(K$3,INDEX(Exigences!$E:$E,MATCH($A12,Exigences!$A:$A,0)))),"●","") | ... X12: =IF(ISNUMBER(SEARCH(X$3,INDEX(Exigences!$E:$E,MATCH($A12,Exigences!$A:$A,0)))),"●","") | Y12: =COUNTIF(D12:X12,"●")
A13: D-A1-10 | B13: =INDEX(Exigences!$C:$C,MATCH(A13,Exigences!$A:$A,0)) | C13: =INDEX(Exigences!$D:$D,MATCH(A13,Exigences!$A:$A,0)) | D13: =IF(ISNUMBER(SEARCH(D$3,INDEX(Exigences!$E:$E,MATCH($A13,Exigences!$A:$A,0)))),"●","") | E13: =IF(ISNUMBER(SEARCH(E$3,INDEX(Exigences!$E:$E,MATCH($A13,Exigences!$A:$A,0)))),"●","") | F13: =IF(ISNUMBER(SEARCH(F$3,INDEX(Exigences!$E:$E,MATCH($A13,Exigences!$A:$A,0)))),"●","") | G13: =IF(ISNUMBER(SEARCH(G$3,INDEX(Exigences!$E:$E,MATCH($A13,Exigences!$A:$A,0)))),"●","") | H13: =IF(ISNUMBER(SEARCH(H$3,INDEX(Exigences!$E:$E,MATCH($A13,Exigences!$A:$A,0)))),"●","") | I13: =IF(ISNUMBER(SEARCH(I$3,INDEX(Exigences!$E:$E,MATCH($A13,Exigences!$A:$A,0)))),"●","") | J13: =IF(ISNUMBER(SEARCH(J$3,INDEX(Exigences!$E:$E,MATCH($A13,Exigences!$A:$A,0)))),"●","") | K13: =IF(ISNUMBER(SEARCH(K$3,INDEX(Exigences!$E:$E,MATCH($A13,Exigences!$A:$A,0)))),"●","") | ... X13: =IF(ISNUMBER(SEARCH(X$3,INDEX(Exigences!$E:$E,MATCH($A13,Exigences!$A:$A,0)))),"●","") | Y13: =COUNTIF(D13:X13,"●")
A14: D-A2-01 | B14: =INDEX(Exigences!$C:$C,MATCH(A14,Exigences!$A:$A,0)) | C14: =INDEX(Exigences!$D:$D,MATCH(A14,Exigences!$A:$A,0)) | D14: =IF(ISNUMBER(SEARCH(D$3,INDEX(Exigences!$E:$E,MATCH($A14,Exigences!$A:$A,0)))),"●","") | E14: =IF(ISNUMBER(SEARCH(E$3,INDEX(Exigences!$E:$E,MATCH($A14,Exigences!$A:$A,0)))),"●","") | F14: =IF(ISNUMBER(SEARCH(F$3,INDEX(Exigences!$E:$E,MATCH($A14,Exigences!$A:$A,0)))),"●","") | G14: =IF(ISNUMBER(SEARCH(G$3,INDEX(Exigences!$E:$E,MATCH($A14,Exigences!$A:$A,0)))),"●","") | H14: =IF(ISNUMBER(SEARCH(H$3,INDEX(Exigences!$E:$E,MATCH($A14,Exigences!$A:$A,0)))),"●","") | I14: =IF(ISNUMBER(SEARCH(I$3,INDEX(Exigences!$E:$E,MATCH($A14,Exigences!$A:$A,0)))),"●","") | J14: =IF(ISNUMBER(SEARCH(J$3,INDEX(Exigences!$E:$E,MATCH($A14,Exigences!$A:$A,0)))),"●","") | K14: =IF(ISNUMBER(SEARCH(K$3,INDEX(Exigences!$E:$E,MATCH($A14,Exigences!$A:$A,0)))),"●","") | ... X14: =IF(ISNUMBER(SEARCH(X$3,INDEX(Exigences!$E:$E,MATCH($A14,Exigences!$A:$A,0)))),"●","") | Y14: =COUNTIF(D14:X14,"●")
A15: D-A2-02 | B15: =INDEX(Exigences!$C:$C,MATCH(A15,Exigences!$A:$A,0)) | C15: =INDEX(Exigences!$D:$D,MATCH(A15,Exigences!$A:$A,0)) | D15: =IF(ISNUMBER(SEARCH(D$3,INDEX(Exigences!$E:$E,MATCH($A15,Exigences!$A:$A,0)))),"●","") | E15: =IF(ISNUMBER(SEARCH(E$3,INDEX(Exigences!$E:$E,MATCH($A15,Exigences!$A:$A,0)))),"●","") | F15: =IF(ISNUMBER(SEARCH(F$3,INDEX(Exigences!$E:$E,MATCH($A15,Exigences!$A:$A,0)))),"●","") | G15: =IF(ISNUMBER(SEARCH(G$3,INDEX(Exigences!$E:$E,MATCH($A15,Exigences!$A:$A,0)))),"●","") | H15: =IF(ISNUMBER(SEARCH(H$3,INDEX(Exigences!$E:$E,MATCH($A15,Exigences!$A:$A,0)))),"●","") | I15: =IF(ISNUMBER(SEARCH(I$3,INDEX(Exigences!$E:$E,MATCH($A15,Exigences!$A:$A,0)))),"●","") | J15: =IF(ISNUMBER(SEARCH(J$3,INDEX(Exigences!$E:$E,MATCH($A15,Exigences!$A:$A,0)))),"●","") | K15: =IF(ISNUMBER(SEARCH(K$3,INDEX(Exigences!$E:$E,MATCH($A15,Exigences!$A:$A,0)))),"●","") | ... X15: =IF(ISNUMBER(SEARCH(X$3,INDEX(Exigences!$E:$E,MATCH($A15,Exigences!$A:$A,0)))),"●","") | Y15: =COUNTIF(D15:X15,"●")
... A68: D-V2-07 | B68: =INDEX(Exigences!$C:$C,MATCH(A68,Exigences!$A:$A,0)) | C68: =INDEX(Exigences!$D:$D,MATCH(A68,Exigences!$A:$A,0)) | D68: =IF(ISNUMBER(SEARCH(D$3,INDEX(Exigences!$E:$E,MATCH($A68,Exigences!$A:$A,0)))),"●","") | E68: =IF(ISNUMBER(SEARCH(E$3,INDEX(Exigences!$E:$E,MATCH($A68,Exigences!$A:$A,0)))),"●","") | F68: =IF(ISNUMBER(SEARCH(F$3,INDEX(Exigences!$E:$E,MATCH($A68,Exigences!$A:$A,0)))),"●","") | G68: =IF(ISNUMBER(SEARCH(G$3,INDEX(Exigences!$E:$E,MATCH($A68,Exigences!$A:$A,0)))),"●","") | H68: =IF(ISNUMBER(SEARCH(H$3,INDEX(Exigences!$E:$E,MATCH($A68,Exigences!$A:$A,0)))),"●","") | I68: =IF(ISNUMBER(SEARCH(I$3,INDEX(Exigences!$E:$E,MATCH($A68,Exigences!$A:$A,0)))),"●","") | J68: =IF(ISNUMBER(SEARCH(J$3,INDEX(Exigences!$E:$E,MATCH($A68,Exigences!$A:$A,0)))),"●","") | K68: =IF(ISNUMBER(SEARCH(K$3,INDEX(Exigences!$E:$E,MATCH($A68,Exigences!$A:$A,0)))),"●","") | ... X68: =IF(ISNUMBER(SEARCH(X$3,INDEX(Exigences!$E:$E,MATCH($A68,Exigences!$A:$A,0)))),"●","") | Y68: =COUNTIF(D68:X68,"●")
A69: Nb dérivées | D69: =COUNTIF(D4:D68,"●") | E69: =COUNTIF(E4:E68,"●") | F69: =COUNTIF(F4:F68,"●") | G69: =COUNTIF(G4:G68,"●") | H69: =COUNTIF(H4:H68,"●") | I69: =COUNTIF(I4:I68,"●") | J69: =COUNTIF(J4:J68,"●") | K69: =COUNTIF(K4:K68,"●") | ... X69: =COUNTIF(X4:X68,"●") | Y69: =SUM(Y4:Y68)

Sheet Exigences
A1: ID | B1: Type | C1: Famille / bloc | D1: Exigence | E1: Origines (liens amont) | F1: Prio | G1: Vérif. | H1: Nb dérivées | I1: Statut
A2: EX-A1 | B2: Origine | C2: A | D2: Plusieurs jeux disponibles, avec possibilité d'en ajouter plus tard | H2: =COUNTIF($E$2:$E$200,"*"&A2&"*")
A3: EX-A2 | B3: Origine | C3: A | D3: Multijoueur jusqu'à 8 joueurs | H3: =COUNTIF($E$2:$E$200,"*"&A3&"*")
A4: EX-A3 | B4: Origine | C4: A | D4: Salons locaux façon DS, sans hébergement coûteux (gratuité) | H4: =COUNTIF($E$2:$E$200,"*"&A4&"*")
A5: EX-B1 | B5: Origine | C5: B | D5: Thème générique au début, graphismes à définir plus tard | H5: =COUNTIF($E$2:$E$200,"*"&A5&"*")
A6: EX-C1 | B6: Origine | C6: C | D6: Jeux de plateau (petits chevaux, Monopoly, échecs, dames...) | H6: =COUNTIF($E$2:$E$200,"*"&A6&"*")
A7: EX-C2 | B7: Origine | C7: C | D7: Jeux de cartes | H7: =COUNTIF($E$2:$E$200,"*"&A7&"*")
A8: EX-C3 | B8: Origine | C8: C | D8: Jouable sur n'importe quel téléphone | H8: =COUNTIF($E$2:$E$200,"*"&A8&"*")
A9: EX-D1 | B9: Origine | C9: D | D9: Aucun compte à créer | H9: =COUNTIF($E$2:$E$200,"*"&A9&"*")
A10: EX-D2 | B10: Origine | C10: D | D10: Gestion simplifiée : menu Jeux + menu Paramètres | H10: =COUNTIF($E$2:$E$200,"*"&A10&"*")
A11: EX-E1 | B11: Origine | C11: E | D11: Plus tard : jeux solo 2D variés (type Hollow Knight) | H11: =COUNTIF($E$2:$E$200,"*"&A11&"*")
A12: EX-E2 | B12: Origine | C12: E | D12: Plus tard : thèmes applicables aux jeux multi | H12: =COUNTIF($E$2:$E$200,"*"&A12&"*")
A13: EX-E3 | B13: Origine | C13: E | D13: Plus tard : serveur de comptes (contact, données bancaires) | H13: =COUNTIF($E$2:$E$200,"*"&A13&"*")
... A22: DC-8 | B22: Décision | C22: Cadrage | D22: Adresse github.io gratuite | H22: =COUNTIF($E$2:$E$200,"*"&A22&"*")
A23: D-A1-01 | B23: Dérivée | C23: Architecture | D23: PWA en TypeScript, jeux avec Phaser 3, menus HTML/CSS | E23: EX-A1, DC-1 | F23: M | G23: R | I23: Codé (PR #1), à vérifier avec les jeux ; à revoir en fin de dev
A24: D-A1-02 | B24: Dérivée | C24: Module de jeu | D24: Chaque jeu implémente une interface commune (contrat de jeu) | E24: EX-A1 | F24: M | G24: R | I24: Codé (PR #1), à vérifier avec les jeux
A25: D-A1-03 | B25: Dérivée | C25: Module de jeu | D25: Règles = fonctions pures, testées sans téléphone | E25: EX-A1 | F25: M | G25: T | I25: Codé (PR #1, Petits chevaux PR #4), à vérifier avec les jeux
A26: D-A1-04 | B26: Dérivée | C26: Registre des jeux | D26: Un registre liste les jeux ; le menu Jeux s'en construit | E26: EX-A1, EX-D2 | F26: M | G26: T | I26: Codé (PR #1), à vérifier avec les jeux
A27: D-A1-05 | B27: Dérivée | C27: Registre des jeux | D27: Ajouter un jeu = ajouter un dossier, sans toucher au noyau | E27: EX-A1 | F27: M | G27: R | I27: Codé (PR #1), à vérifier avec les jeux
A28: D-A1-06 | B28: Dérivée | C28: Session | D28: Mode un téléphone et mode réseau : même code de règles | E28: EX-A1, DC-2 | F28: M | G28: T | I28: Codé pour le mode un téléphone (PR #4) ; mode réseau à l'étape 3
A29: D-A1-07 | B29: Dérivée | C29: Module de jeu | D29: Hasard issu d'une graine, partie rejouable à l'identique | E29: EX-A1 | F29: M | G29: T | I29: Codé (PR #1, Petits chevaux PR #4), à vérifier avec les jeux
A30: D-A1-08 | B30: Dérivée | C30: Réseau WebRTC | D30: Versions du protocole et des jeux vérifiées à l'entrée du salon | E30: EX-A1, EX-A3 | F30: S | G30: T | I30: Codé (PR #3), à vérifier avec les jeux
A31: D-A1-09 | B31: Dérivée | C31: Écran et thème | D31: Images, sons et couleurs lus dans un pack de thème | E31: EX-B1, EX-E2 | F31: M | G31: R | I31: Codé pour Petits chevaux (PR #4), à vérifier avec les jeux
A32: D-A1-10 | B32: Dérivée | C32: Registre des jeux | D32: Le noyau ne connaît aucune règle de jeu | E32: EX-A1 | F32: M | G32: R | I32: Codé (PR #1), à vérifier avec les jeux
A33: D-A2-01 | B33: Dérivée | C33: Session | D33: Jusqu'à 8 joueurs (humains + ordinateurs) selon le jeu | E33: EX-A2 | F33: M | G33: T | I33: Codé (PR #1), à vérifier avec les jeux
A34: D-A2-02 | B34: Dérivée | C34: Session | D34: L'hôte valide chaque coup via le contrat | E34: EX-A1, EX-E4 | F34: M | G34: T | I34: Codé (PR #1), à vérifier avec les jeux
... A87: D-V2-07 | B87: Dérivée | C87: V2 | D87: Serveur de comptes : HTTPS, authentification, mises à jour | E87: EX-E4 | F87: V2 | G87: R | I87: À faire
